is_repeat_session,sessions,sessions,conv,rev
0,149787,10179,0.0680,4.343754
1,33577,2724,0.0811,5.168828
